knowledge/dev-deployment-autotests.md	~/ai/companies/youdo/knowledge/systems/dev-deployment/post-deploy-autotests.md	dev-deployment	verified	system map; Cyrillic UI strings and one Russian test assertion message kept verbatim as quoted technical strings; added Related log entries section
knowledge/dev-deployment.md	~/ai/companies/youdo/knowledge/systems/dev-deployment/overview.md	dev-deployment	verified	authoritative system map; ops/ and knowledge/ path references rewritten to new log/system paths; added Purpose, Related documents and Related log entries sections
knowledge/helm-charts.md	~/ai/companies/youdo/knowledge/systems/dev-deployment/helm-charts.md	dev-deployment	outdated	note self-describes as historical with obsolete dev-{BUILD_NUMBER} naming; PostgreSQL PVC section still valid
knowledge/jenkins-pipelines/deploy-dev-b2b.md	~/ai/companies/youdo/knowledge/systems/dev-deployment/jenkins-deploy-dev-b2b.md	dev-deployment	verified	component map; header points to overview.md; recipes written at general/knowledge/k8s/postgres-pvc-lost-and-found-pgdata.md and general/knowledge/helm/atomic-install-failure-leaves-hook-resources.md
knowledge/gitlab-ci-templates/deploy-dev.md	~/ai/companies/youdo/knowledge/systems/dev-deployment/gitlab-ci-deploy-dev.md	dev-deployment	verified	component map; recipes written at general/knowledge/k8s/namespace-delete-then-recreate-race.md and general/knowledge/gitlab-ci/environment-name-job-only-variables.md
knowledge/gitlab-ci-templates/nomad-canary-rollback.md	~/ai/companies/youdo/knowledge/systems/gitlab-ci/nomad-canary-rollback.md	gitlab-ci	verified	not dev-deployment: documents v3/.deploy-prod.yml rollback template; placed in existing systems/gitlab-ci/ directory; ~/.codex/.env -> ~/ai/current/.env; recipe written at general/knowledge/nomad/job-revert-canary-manual-promotion.md
knowledge/platform-services/temporal-dev.md	~/ai/companies/youdo/knowledge/systems/temporal.md	temporal	hypothesis	system map; status hypothesis because Terraform was validated but never applied to the cluster
helm-charts/service-url-routing-2026-06-18.md	~/ai/companies/youdo/knowledge/log/2026-06-18-dev-deployment-service-url-routing.md	dev-deployment	verified	date from filename; log sections added around original structure
notes/helm-charts/ephemeral-dev-dependencies.md	~/ai/companies/youdo/knowledge/log/2026-06-18-dev-deployment-ephemeral-dev-dependencies.md	dev-deployment	outdated	date from content; note self-describes as historical decision superseded by dev-deployment map
notes/helm-charts/ephemeral-dev-memory-cap-2026-06-25.md	~/ai/companies/youdo/knowledge/log/2026-06-25-dev-deployment-ephemeral-dev-memory-cap.md	dev-deployment	outdated	date from filename; note self-describes as historical; 256Mi cap later relaxed for several workloads
projects/helm-charts/2026-06-17-youdo-business-auth-service-jenkins-dev.md	~/ai/companies/youdo/knowledge/log/2026-06-17-dev-deployment-youdo-business-auth-service-jenkins-dev.md	dev-deployment	verified	contains dated follow-ups through 2026-06-24 (kitcut, Redis, dev-84..87); ~/.codex/.env -> ~/ai/current/.env; Kestrel port lesson merged into existing recipe general/knowledge/dotnet/aspnet-container-default-port-8080-healthcheck.md (extended, not duplicated); recipe written at general/knowledge/k8s/post-rollout-pod-phase-check-false-failures.md
projects/helm-charts/2026-06-24-youdo-notifications-dev-yml.md	~/ai/companies/youdo/knowledge/log/2026-06-24-dev-deployment-youdo-notifications-dev-yml.md	dev-deployment	verified	-
projects/helm-charts/2026-06-25-dev-96-fns-check.md	~/ai/companies/youdo/knowledge/log/2026-06-25-dev-deployment-dev-96-fns-check.md	dev-deployment	verified	recipe written at general/knowledge/k8s/dependent-env-var-expansion-order.md
projects/helm-charts/2026-06-25-docvalidation-dev-yml.md	~/ai/companies/youdo/knowledge/log/2026-06-25-dev-deployment-docvalidation-dev-yml.md	dev-deployment	verified	recipe written at general/knowledge/postgresql/npgsql-authentication-method-not-supported-scram.md
projects/helm-charts/2026-06-25-fns-dev-yml.md	~/ai/companies/youdo/knowledge/log/2026-06-25-dev-deployment-fns-dev-yml.md	dev-deployment	verified	-
projects/helm-charts/2026-06-25-youdo-business-tochka-proxy-dev-yml.md	~/ai/companies/youdo/knowledge/log/2026-06-25-dev-deployment-youdo-business-tochka-proxy-dev-yml.md	dev-deployment	verified	-
projects/helm-charts/2026-06-25-youdo-sms-service-dev-yml.md	~/ai/companies/youdo/knowledge/log/2026-06-25-dev-deployment-youdo-sms-service-dev-yml.md	dev-deployment	verified	-
projects/helm-charts/2026-06-26-youdo-business-billing-service-dev-yml.md	~/ai/companies/youdo/knowledge/log/2026-06-26-dev-deployment-youdo-business-billing-service-dev-yml.md	dev-deployment	verified	-
projects/helm-charts/2026-06-26-youdo-business-dev-yml.md	~/ai/companies/youdo/knowledge/log/2026-06-26-dev-deployment-youdo-business-dev-yml.md	dev-deployment	verified	links to extended recipe general/knowledge/dotnet/aspnet-container-default-port-8080-healthcheck.md
projects/helm-charts/2026-06-26-youdo-business-landings-dev-yml.md	~/ai/companies/youdo/knowledge/log/2026-06-26-dev-deployment-youdo-business-landings-dev-yml.md	dev-deployment	verified	-
projects/helm-charts/2026-06-26-youdo-business-mobile-id-dev-yml.md	~/ai/companies/youdo/knowledge/log/2026-06-26-dev-deployment-youdo-business-mobile-id-dev-yml.md	dev-deployment	verified	-
projects/helm-charts/2026-06-26-youdo-business-tkb-proxy-dev-yml.md	~/ai/companies/youdo/knowledge/log/2026-06-26-dev-deployment-youdo-business-tkb-proxy-dev-yml.md	dev-deployment	verified	-
projects/helm-charts/2026-07-30-dev-master-node-replacement-db-recovery.md	~/ai/companies/youdo/knowledge/log/2026-07-30-dev-deployment-dev-master-node-replacement-db-recovery.md	dev-deployment	verified	translated from Russian; added pointer to the later PVC fix
knowledge/ops/2026-09-03-devops-832-mock-worker-probe-failure.md	~/ai/companies/youdo/knowledge/log/2026-09-03-dev-deployment-devops-832-mock-worker-probe-failure.md	dev-deployment	verified	-
knowledge/ops/2026-09-03-devops-832-tochka-dev-autotests-prepared.md	~/ai/companies/youdo/knowledge/log/2026-09-03-dev-deployment-devops-832-tochka-dev-autotests-prepared.md	dev-deployment	verified	large; contains dated runtime sections through 2026-09-04; recipe written at general/knowledge/gitlab-ci/manual-job-with-needs-stays-created.md
knowledge/ops/2026-09-03-youdo-business-dev-deploy-pipeline-137949.md	~/ai/companies/youdo/knowledge/log/2026-09-03-dev-deployment-youdo-business-dev-deploy-pipeline-137949.md	dev-deployment	verified	knowledge/dev-deployment.md reference rewritten to systems/dev-deployment/overview.md
knowledge/ops/2026-09-04-devops-832-billing-autotests-prepared.md	~/ai/companies/youdo/knowledge/log/2026-09-04-dev-deployment-devops-832-billing-autotests-prepared.md	dev-deployment	verified	-
knowledge/ops/2026-09-04-devops-832-handoff.md	~/ai/companies/youdo/knowledge/log/2026-09-04-dev-deployment-devops-832-handoff.md	dev-deployment	verified	trailing references to dev-deployment.md, dev-deployment-autotests.md and ops/ note rewritten to new paths
knowledge/plans/2026-09-03-devops-832-tochka-dev-autotests.md	~/ai/companies/youdo/knowledge/log/2026-09-03-dev-deployment-devops-832-tochka-dev-autotests.md	dev-deployment	hypothesis	plan document; its own status section records which phases were runtime-proven
ops/2026-08-30-dev-deploy-job-3100457-service-name.md	~/ai/companies/youdo/knowledge/log/2026-08-30-dev-deployment-deploy-job-3100457-service-name.md	dev-deployment	verified	slug shortened from dev-deploy-job-... to deploy-job-... to avoid dev-deployment-dev- redundancy
ops/2026-08-30-jenkins-test-142-migration-job-name-length.md	~/ai/companies/youdo/knowledge/log/2026-08-30-dev-deployment-jenkins-test-142-migration-job-name-length.md	dev-deployment	verified	recipe written at general/knowledge/k8s/job-name-exceeds-63-char-label-limit.md
ops/2026-08-31-dev-deploy-job-3100718-full-catalog-success.md	~/ai/companies/youdo/knowledge/log/2026-08-31-dev-deployment-deploy-job-3100718-full-catalog-success.md	dev-deployment	verified	slug shortened as above
ops/2026-09-01-dev-ingress-public-smoke.md	~/ai/companies/youdo/knowledge/log/2026-09-01-dev-deployment-ingress-public-smoke.md	dev-deployment	verified	slug: dropped leading dev- prefix
ops/2026-09-01-employee-web-root-500.md	~/ai/companies/youdo/knowledge/log/2026-09-01-dev-deployment-employee-web-root-500.md	dev-deployment	verified	recipe written at general/knowledge/dotnet/spa-dev-server-proxy-500-in-runtime-image.md
ops/2026-09-04-dev-deployment-jenkins-pod-race.md	~/ai/companies/youdo/knowledge/log/2026-09-04-dev-deployment-jenkins-pod-race.md	dev-deployment	verified	links to general/knowledge/k8s/post-rollout-pod-phase-check-false-failures.md
ops/2026-09-07-dev-deployment-tkb-autotests-preparation.md	~/ai/companies/youdo/knowledge/log/2026-09-07-dev-deployment-tkb-autotests-preparation.md	dev-deployment	verified	-
ops/2026-09-07-dev-deployment-tkb-pipeline-138093.md	~/ai/companies/youdo/knowledge/log/2026-09-07-dev-deployment-tkb-pipeline-138093.md	dev-deployment	verified	one Russian test assertion message kept verbatim as a quoted log string
RECIPE	~/ai/general/knowledge/nomad/job-revert-canary-manual-promotion.md
RECIPE	~/ai/general/knowledge/dotnet/spa-dev-server-proxy-500-in-runtime-image.md
RECIPE	~/ai/general/knowledge/dotnet/aspnet-container-default-port-8080-healthcheck.md (EXTENDED existing recipe with inverse "Permission denied on :80" case; not created by this batch)
RECIPE	~/ai/general/knowledge/postgresql/npgsql-authentication-method-not-supported-scram.md
RECIPE	~/ai/general/knowledge/k8s/postgres-pvc-lost-and-found-pgdata.md
RECIPE	~/ai/general/knowledge/k8s/job-name-exceeds-63-char-label-limit.md
RECIPE	~/ai/general/knowledge/k8s/dependent-env-var-expansion-order.md
RECIPE	~/ai/general/knowledge/k8s/post-rollout-pod-phase-check-false-failures.md
RECIPE	~/ai/general/knowledge/k8s/namespace-delete-then-recreate-race.md
RECIPE	~/ai/general/knowledge/helm/atomic-install-failure-leaves-hook-resources.md
RECIPE	~/ai/general/knowledge/gitlab-ci/manual-job-with-needs-stays-created.md
RECIPE	~/ai/general/knowledge/gitlab-ci/environment-name-job-only-variables.md
